<?xml version='1.1' encoding='UTF-8'?>
<org.jvnet.hudson.plugins.thinbackup.ThinBackupPluginImpl plugin="thinBackup@1.9">
  <fullBackupSchedule>0 12 * * 1-5</fullBackupSchedule>
  <diffBackupSchedule></diffBackupSchedule>
  <backupPath>/mnt/backup</backupPath>
  <nrMaxStoredFull>-1</nrMaxStoredFull>
  <excludedFilesRegex></excludedFilesRegex>
  <waitForIdle>true</waitForIdle>
  <forceQuietModeTimeout>120</forceQuietModeTimeout>
  <cleanupDiff>true</cleanupDiff>
  <moveOldBackupsToZipFile>true</moveOldBackupsToZipFile>
  <backupBuildResults>true</backupBuildResults>
  <backupBuildArchive>true</backupBuildArchive>
  <backupPluginArchives>true</backupPluginArchives>
  <backupUserContents>true</backupUserContents>
  <backupAdditionalFiles>false</backupAdditionalFiles>
  <backupAdditionalFilesRegex></backupAdditionalFilesRegex>
  <backupNextBuildNumber>true</backupNextBuildNumber>
  <backupBuildsToKeepOnly>true</backupBuildsToKeepOnly>
</org.jvnet.hudson.plugins.thinbackup.ThinBackupPluginImpl>