<?xml version='1.1' encoding='UTF-8'?>
<com.cloudbees.plugins.credentials.SystemCredentialsProvider plugin="credentials@2.3.12">
  <domainCredentialsMap class="hudson.util.CopyOnWriteMap$Hash">
    <entry>
      <com.cloudbees.plugins.credentials.domains.Domain>
        <specifications/>
      </com.cloudbees.plugins.credentials.domains.Domain>
      <java.util.concurrent.CopyOnWriteArrayList>
        <com.cloudbees.plugins.credentials.impl.UsernamePasswordCredentialsImpl>
          <scope>GLOBAL</scope>
          <id>5dba56b1-4ac2-4f47-9d40-6916574085c8</id>
          <description></description>
          <username>krypton</username>
          <password>{AQAAABAAAAAQFCtFlp1LGdJXVcIxvTTjFrHh5qBZsHIZnpZGCUGnb6s=}</password>
        </com.cloudbees.plugins.credentials.impl.UsernamePasswordCredentialsImpl>
        <org.jenkinsci.plugins.plaincredentials.impl.StringCredentialsImpl plugin="plain-credentials@1.7">
          <scope>GLOBAL</scope>
          <id>chat_id</id>
          <description>Chat id channel</description>
          <secret>{AQAAABAAAAAQTiIpqS2pGjpU74AxoTOglGogLaKHEIVHaizMEQ0j9NU=}</secret>
        </org.jenkinsci.plugins.plaincredentials.impl.StringCredentialsImpl>
        <org.jenkinsci.plugins.plaincredentials.impl.StringCredentialsImpl plugin="plain-credentials@1.7">
          <scope>GLOBAL</scope>
          <id>chat_id_second</id>
          <description>Chat id group maintainer</description>
          <secret>{AQAAABAAAAAQ248vjXDOv1XZ1ZKpWM4CzT2yXsSKIVaDqYLj2XZiRlA=}</secret>
        </org.jenkinsci.plugins.plaincredentials.impl.StringCredentialsImpl>
        <org.jenkinsci.plugins.plaincredentials.impl.StringCredentialsImpl plugin="plain-credentials@1.7">
          <scope>GLOBAL</scope>
          <id>bot_api_key</id>
          <description>Bot api key telegram</description>
          <secret>{AQAAABAAAAAwWjUiEEzwKqEwFDAYP0mWRlbsc0zjhh8xNHoQ8KOoW6nQEavW3GftpHxqnmiyby1+5r57Qekz4XOzmaKpD+hFZg==}</secret>
        </org.jenkinsci.plugins.plaincredentials.impl.StringCredentialsImpl>
        <org.jenkinsci.plugins.plaincredentials.impl.StringCredentialsImpl plugin="plain-credentials@1.7">
          <scope>GLOBAL</scope>
          <id>sf_pass_test</id>
          <description>Pass SF test</description>
          <secret>{AQAAABAAAAAQ9gi8qk032L82Wg6tZBUdzJH1W4XMaaROO8tAKK0Seaw=}</secret>
        </org.jenkinsci.plugins.plaincredentials.impl.StringCredentialsImpl>
        <org.jenkinsci.plugins.plaincredentials.impl.StringCredentialsImpl plugin="plain-credentials@1.7">
          <scope>GLOBAL</scope>
          <id>sf_pass_release</id>
          <description>Pass SF release</description>
          <secret>{AQAAABAAAAAQVMgUtr1jOiLU6WrXkPeZOaJXf5sfhbbsTpOuM8n7vjs=}</secret>
        </org.jenkinsci.plugins.plaincredentials.impl.StringCredentialsImpl>
      </java.util.concurrent.CopyOnWriteArrayList>
    </entry>
  </domainCredentialsMap>
</com.cloudbees.plugins.credentials.SystemCredentialsProvider>