<?xml version='1.1' encoding='UTF-8'?>
<hudson.plugins.emailext.ExtendedEmailPublisherDescriptor plugin="email-ext@2.71">
  <mailAccount>
    <smtpHost>smtp-relay.sendinblue.com</smtpHost>
    <smtpPort>587</smtpPort>
    <smtpUsername>dhimasbagusprayoga@gmail.com</smtpUsername>
    <smtpPassword>{AQAAABAAAAAger8CCrC01ka4zIWu7yytiX8XvvYnGTdJS86iYKMnQlR9dfFE6/wZA69pEtJZYxQw}</smtpPassword>
    <useSsl>false</useSsl>
  </mailAccount>
  <addAccounts/>
  <charset>UTF-8</charset>
  <defaultContentType>text/plain</defaultContentType>
  <defaultSubject>$PROJECT_NAME - Build # $BUILD_NUMBER - $BUILD_STATUS!</defaultSubject>
  <defaultBody>$PROJECT_NAME - Build # $BUILD_NUMBER - $BUILD_STATUS:&#xd;
&#xd;
Check console output at $BUILD_URL to view the results.</defaultBody>
  <defaultPresendScript></defaultPresendScript>
  <defaultPostsendScript></defaultPostsendScript>
  <defaultClasspath/>
  <defaultTriggerIds>
    <string>hudson.plugins.emailext.plugins.trigger.FailureTrigger</string>
    <string>hudson.plugins.emailext.plugins.trigger.SuccessTrigger</string>
  </defaultTriggerIds>
  <maxAttachmentSize>-1</maxAttachmentSize>
  <recipientList>$BUILD_USER_EMAIL</recipientList>
  <defaultReplyTo></defaultReplyTo>
  <allowedDomains></allowedDomains>
  <excludedCommitters></excludedCommitters>
  <overrideGlobalSettings>true</overrideGlobalSettings>
  <precedenceBulk>false</precedenceBulk>
  <debugMode>false</debugMode>
  <requireAdminForTemplateTesting>false</requireAdminForTemplateTesting>
  <enableWatching>false</enableWatching>
  <enableAllowUnregistered>false</enableAllowUnregistered>
</hudson.plugins.emailext.ExtendedEmailPublisherDescriptor>