<?xml version='1.1' encoding='UTF-8'?>
<org.codefirst.SimpleThemeDecorator plugin="simple-theme-plugin@0.6">
  <elements>
    <org.jenkinsci.plugins.simpletheme.CssUrlThemeElement>
      <url>https://cdn.jsdelivr.net/gh/jenkinsci/dark-theme@v0.0.5/src/main/resources/io/jenkins/plugins/darktheme/theme.css</url>
    </org.jenkinsci.plugins.simpletheme.CssUrlThemeElement>
    <org.jenkinsci.plugins.simpletheme.CssUrlThemeElement>
      <url>https://cdn.jsdelivr.net/gh/jenkinsci/dark-theme@v0.0.5/src/main/resources/io/jenkins/plugins/darktheme/theme-system.css</url>
    </org.jenkinsci.plugins.simpletheme.CssUrlThemeElement>
  </elements>
</org.codefirst.SimpleThemeDecorator>