<?xml version='1.1' encoding='UTF-8'?>
<hudson.model.UserIdMapper>
  <version>1</version>
  <idToDirectoryNameMap class="concurrent-hash-map">
    <entry>
      <string>trisfaizal</string>
      <string>trisfaizal_17341374569691976769</string>
    </entry>
    <entry>
      <string>weedrr</string>
      <string>WEEDRR_18429378763714411091</string>
    </entry>
    <entry>
      <string>komodo-os</string>
      <string>KomodoOS_14721359536710274732</string>
    </entry>
    <entry>
      <string>sweetyicecare</string>
      <string>sweetyicecare_13175563436169504811</string>
    </entry>
    <entry>
      <string>kry9ton</string>
      <string>Kry9toN_2692749889026141481</string>
    </entry>
    <entry>
      <string>rzlamrr</string>
      <string>rzlamrr_11240358724892119958</string>
    </entry>
    <entry>
      <string>fadlyas07</string>
      <string>fadlyas07_612039354550452434</string>
    </entry>
    <entry>
      <string>rama982</string>
      <string>rama982_9802067061035333999</string>
    </entry>
    <entry>
      <string>chanwij</string>
      <string>ChanWij_6025915005629031220</string>
    </entry>
    <entry>
      <string>gandngkp</string>
      <string>Gandngkp_5904882337048666199</string>
    </entry>
    <entry>
      <string>goodmeow</string>
      <string>goodmeow_13868574817171340857</string>
    </entry>
    <entry>
      <string>rifkymcz</string>
      <string>rifkymcz_17823906185338086788</string>
    </entry>
    <entry>
      <string>fortifying</string>
      <string>fortifying_16407471694188169697</string>
    </entry>
    <entry>
      <string>hatsune71</string>
      <string>Hatsune71_15528235651304736987</string>
    </entry>
    <entry>
      <string>alanndz</string>
      <string>alanndz_15591951136278101738</string>
    </entry>
  </idToDirectoryNameMap>
</hudson.model.UserIdMapper>