<?xml version='1.1' encoding='UTF-8'?>
<hudson.model.UserIdMapper>
  <version>1</version>
  <idToDirectoryNameMap class="concurrent-hash-map">
    <entry>
      <string>weedrr</string>
      <string>WEEDRR_18429378763714411091</string>
    </entry>
    <entry>
      <string>sweetyicecare</string>
      <string>sweetyicecare_13175563436169504811</string>
    </entry>
    <entry>
      <string>kry9ton</string>
      <string>Kry9toN_2692749889026141481</string>
    </entry>
    <entry>
      <string>rifkymcz</string>
      <string>rifkymcz_17823906185338086788</string>
    </entry>
    <entry>
      <string>rama982</string>
      <string>rama982_9802067061035333999</string>
    </entry>
    <entry>
      <string>fortifying</string>
      <string>fortifying_16407471694188169697</string>
    </entry>
    <entry>
      <string>hatsune71</string>
      <string>Hatsune71_15528235651304736987</string>
    </entry>
    <entry>
      <string>alanndz</string>
      <string>alanndz_15591951136278101738</string>
    </entry>
  </idToDirectoryNameMap>
</hudson.model.UserIdMapper>