<?xml version='1.1' encoding='UTF-8'?>
<com.sonyericsson.hudson.plugins.gerrit.trigger.PluginImpl plugin="gerrit-trigger@2.30.5">
  <servers class="java.util.concurrent.CopyOnWriteArrayList">
    <com.sonyericsson.hudson.plugins.gerrit.trigger.GerritServer>
      <name>Komodo Gerrit</name>
      <noConnectionOnStartup>false</noConnectionOnStartup>
      <config class="com.sonyericsson.hudson.plugins.gerrit.trigger.config.Config">
        <gerritHostName>gerrit.komodo-os.my.id</gerritHostName>
        <gerritSshPort>29418</gerritSshPort>
        <gerritProxy></gerritProxy>
        <gerritUserName>komodo-os-gerrit</gerritUserName>
        <gerritEMail>KomodoOSID@gmail.com</gerritEMail>
        <gerritAuthKeyFile>/var/lib/jenkins/.ssh/id_rsa</gerritAuthKeyFile>
        <gerritAuthKeyFilePassword>{AQAAABAAAAAQR7neOqFpUr/VytoECO53DnjsBN65+z5QzYD/WUlSxZI=}</gerritAuthKeyFilePassword>
        <useRestApi>true</useRestApi>
        <gerritHttpUserName>komodo-os-gerrit</gerritHttpUserName>
        <gerritHttpPassword>{AQAAABAAAAAwZbARr2F5niaRlKF7NaKXmIeIbdPWqnSAi2m+P6nrMztAylkuzOSBzMhr8F0agdh5UXWGrpf5/5t1RgXhXfUBsw==}</gerritHttpPassword>
        <restCodeReview>true</restCodeReview>
        <restVerified>false</restVerified>
        <gerritVerifiedCmdBuildSuccessful>gerrit review &lt;CHANGE&gt;,&lt;PATCHSET&gt; --message &apos;Build Successful &lt;BUILDS_STATS&gt;&apos; --verified &lt;VERIFIED&gt; --code-review &lt;CODE_REVIEW&gt; --tag autogenerated:jenkins-gerrit-trigger</gerritVerifiedCmdBuildSuccessful>
        <gerritVerifiedCmdBuildUnstable>gerrit review &lt;CHANGE&gt;,&lt;PATCHSET&gt; --message &apos;Build Unstable &lt;BUILDS_STATS&gt;&apos; --verified &lt;VERIFIED&gt; --code-review &lt;CODE_REVIEW&gt; --tag autogenerated:jenkins-gerrit-trigger</gerritVerifiedCmdBuildUnstable>
        <gerritVerifiedCmdBuildFailed>gerrit review &lt;CHANGE&gt;,&lt;PATCHSET&gt; --message &apos;Build Failed &lt;BUILDS_STATS&gt;&apos; --verified &lt;VERIFIED&gt; --code-review &lt;CODE_REVIEW&gt; --tag autogenerated:jenkins-gerrit-trigger</gerritVerifiedCmdBuildFailed>
        <gerritVerifiedCmdBuildStarted>gerrit review &lt;CHANGE&gt;,&lt;PATCHSET&gt; --message &apos;Build Started &lt;BUILDURL&gt; &lt;STARTED_STATS&gt;&apos; --verified &lt;VERIFIED&gt; --code-review &lt;CODE_REVIEW&gt; --tag autogenerated:jenkins-gerrit-trigger</gerritVerifiedCmdBuildStarted>
        <gerritVerifiedCmdBuildNotBuilt>gerrit review &lt;CHANGE&gt;,&lt;PATCHSET&gt; --message &apos;No Builds Executed &lt;BUILDS_STATS&gt;&apos; --verified &lt;VERIFIED&gt; --code-review &lt;CODE_REVIEW&gt; --tag autogenerated:jenkins-gerrit-trigger</gerritVerifiedCmdBuildNotBuilt>
        <gerritFrontEndUrl>http://gerrit.komodo-os.my.id/</gerritFrontEndUrl>
        <gerritBuildStartedVerifiedValue>0</gerritBuildStartedVerifiedValue>
        <gerritBuildSuccessfulVerifiedValue>1</gerritBuildSuccessfulVerifiedValue>
        <gerritBuildFailedVerifiedValue>-1</gerritBuildFailedVerifiedValue>
        <gerritBuildUnstableVerifiedValue>0</gerritBuildUnstableVerifiedValue>
        <gerritBuildNotBuiltVerifiedValue>0</gerritBuildNotBuiltVerifiedValue>
        <gerritBuildStartedCodeReviewValue>0</gerritBuildStartedCodeReviewValue>
        <gerritBuildSuccessfulCodeReviewValue>0</gerritBuildSuccessfulCodeReviewValue>
        <gerritBuildFailedCodeReviewValue>0</gerritBuildFailedCodeReviewValue>
        <gerritBuildUnstableCodeReviewValue>-1</gerritBuildUnstableCodeReviewValue>
        <gerritBuildNotBuiltCodeReviewValue>0</gerritBuildNotBuiltCodeReviewValue>
        <enableManualTrigger>true</enableManualTrigger>
        <enablePluginMessages>true</enablePluginMessages>
        <triggerOnAllComments>false</triggerOnAllComments>
        <buildScheduleDelay>3</buildScheduleDelay>
        <dynamicConfigRefreshInterval>30</dynamicConfigRefreshInterval>
        <enableProjectAutoCompletion>true</enableProjectAutoCompletion>
        <projectListRefreshInterval>3600</projectListRefreshInterval>
        <projectListFetchDelay>0</projectListFetchDelay>
        <categories class="linked-list">
          <com.sonyericsson.hudson.plugins.gerrit.trigger.VerdictCategory>
            <verdictValue>Code-Review</verdictValue>
            <verdictDescription>Code Review</verdictDescription>
          </com.sonyericsson.hudson.plugins.gerrit.trigger.VerdictCategory>
          <com.sonyericsson.hudson.plugins.gerrit.trigger.VerdictCategory>
            <verdictValue>Verified</verdictValue>
            <verdictDescription>Verified</verdictDescription>
          </com.sonyericsson.hudson.plugins.gerrit.trigger.VerdictCategory>
        </categories>
        <replicationConfig>
          <enableReplication>false</enableReplication>
          <slaves class="linked-list"/>
          <enableSlaveSelectionInJobs>false</enableSlaveSelectionInJobs>
        </replicationConfig>
        <watchdogTimeoutMinutes>0</watchdogTimeoutMinutes>
        <watchTimeExceptionData>
          <daysOfWeek/>
          <timesOfDay class="linked-list"/>
        </watchTimeExceptionData>
        <notificationLevel>ALL</notificationLevel>
        <buildCurrentPatchesOnly>
          <enabled>false</enabled>
          <abortNewPatchsets>false</abortNewPatchsets>
          <abortManualPatchsets>false</abortManualPatchsets>
          <abortSameTopic>false</abortSameTopic>
        </buildCurrentPatchesOnly>
      </config>
    </com.sonyericsson.hudson.plugins.gerrit.trigger.GerritServer>
  </servers>
  <pluginConfig>
    <numberOfReceivingWorkerThreads>3</numberOfReceivingWorkerThreads>
    <numberOfSendingWorkerThreads>1</numberOfSendingWorkerThreads>
    <replicationCacheExpirationInMinutes>360</replicationCacheExpirationInMinutes>
  </pluginConfig>
</com.sonyericsson.hudson.plugins.gerrit.trigger.PluginImpl>