<?xml version='1.1' encoding='UTF-8'?>
<jenkins.security.QueueItemAuthenticatorConfiguration>
  <authenticators>
    <org.jenkinsci.plugins.authorizeproject.GlobalQueueItemAuthenticator plugin="authorize-project@1.3.0">
      <strategy class="org.jenkinsci.plugins.authorizeproject.strategy.TriggeringUsersAuthorizationStrategy"/>
    </org.jenkinsci.plugins.authorizeproject.GlobalQueueItemAuthenticator>
    <org.jenkinsci.plugins.authorizeproject.GlobalQueueItemAuthenticator plugin="authorize-project@1.3.0">
      <strategy class="org.jenkinsci.plugins.authorizeproject.strategy.SystemAuthorizationStrategy"/>
    </org.jenkinsci.plugins.authorizeproject.GlobalQueueItemAuthenticator>
  </authenticators>
</jenkins.security.QueueItemAuthenticatorConfiguration>