<?xml version='1.1' encoding='UTF-8'?>
<hudson.model.UserIdMapper>
  <version>1</version>
  <idToDirectoryNameMap class="concurrent-hash-map">
    <entry>
      <string>weedrr</string>
      <string>WEEDRR_18429378763714411091</string>
    </entry>
    <entry>
      <string>kry9ton</string>
      <string>Kry9toN_2692749889026141481</string>
    </entry>
    <entry>
      <string>rifkymcz</string>
      <string>rifkymcz_17823906185338086788</string>
    </entry>
    <entry>
      <string>hatsune71</string>
      <string>Hatsune71_15528235651304736987</string>
    </entry>
  </idToDirectoryNameMap>
</hudson.model.UserIdMapper>